1,Dakar,Dakar,Dakar Plateau,GUEULE TAPEE FASS COLOBANE,0.75,0.04,0.45
2,Dakar,Dakar,Dakar Plateau,FANN POINT E AMITIE,0.45,0.04,0.5
3,Dakar,Dakar,Dakar Plateau,GOREE,0.97,0.03,0.08
4,Dakar,Dakar,Dakar Plateau,MEDINA,0.7,0.02,0.42
5,Dakar,Dakar,Dakar Plateau,Plateau,0.98,0.05,0.48
6,Dakar,Dakar,Parcelles Assainies,CAMBERENE,0.04,0.01,0.12
7,Dakar,Dakar,Grand Dakar,DIEUPPEUL DERKLE,0.85,0.05,0.64
8,Dakar,Dakar,Grand Dakar,BISCUITERIE,0.82,0.0,0.44
9,Dakar,Dakar,Grand Dakar,HLM,0.59,0.03,0.65
10,Dakar,Dakar,Grand Dakar,HANN BEL AIR,0.44,0.04,0.2
11,Dakar,Dakar,Grand Dakar,Grand Dakar,0.77,0.1,0.1
12,Dakar,Dakar,Grand Dakar,SICAP LIBERTE,0.56,0.08,0.35
13,Dakar,Dakar,Almadies,YOFF,0.23,0.07,0.68
14,Dakar,Dakar,Almadies,MERMOZ SACRE COEUR,0.45,0.07,0.62
15,Dakar,Dakar,Almadies,NGOR,0.83,0.04,0.47
16,Dakar,Dakar,Almadies,OUAKAM,0.28,0.09,0.53
17,Dakar,Dakar,Parcelles Assainies,Grand YOFF,0.94,0.1,0.52
18,Dakar,Dakar,Parcelles Assainies,Parcelles Assainies,0.18,0.01,0.59
19,Dakar,Dakar,Parcelles Assainies,PATTE D OIE,0.7,0.06,0.55
20,Dakar,Guédiawaye,Guédiawaye,GOLF SUD,0.58,0.09,0.26
21,Dakar,Guédiawaye,Guédiawaye,MEDINA GOUNASS,0.18,0.08,0.64
22,Dakar,Guédiawaye,Guédiawaye,NDIAREME,0.19,0.1,0.51
23,Dakar,Guédiawaye,Guédiawaye,SAM NOTAIRE,0.44,0.02,0.66
24,Dakar,Guédiawaye,Guédiawaye,WAKHINANE NIMZAT,0.97,0.01,0.23
25,Dakar,Pikine Dagoudane,Pikine Dagoudane,DALIFORT,0.95,0.06,0.41
26,Dakar,Pikine Dagoudane,Pikine Dagoudane,DJIDA THIAROYE KAO,0.14,0.03,0.17
27,Dakar,Pikine Dagoudane,Pikine Dagoudane,GUINAW RAIL NORD,0.34,0.07,0.54
28,Dakar,Pikine Dagoudane,Pikine Dagoudane,GUINAW RAIL SUD,0.16,0.04,0.11
29,Dakar,Pikine Dagoudane,Pikine Dagoudane,Pikine EST,0.6,0.06,0.03
30,Dakar,Pikine Dagoudane,Pikine Dagoudane,Pikine NORD,0.94,0.0,0.66
31,Dakar,Pikine Dagoudane,Pikine Dagoudane,Pikine OUEST,0.45,0.05,0.65
32,Dakar,Niayes,Niayes,KEUR MASSAR,0.9,0.02,0.06
33,Dakar,Niayes,Niayes,MALIKA,0.93,0.08,0.12
34,Dakar,Niayes,Niayes,YEUMBEUL NORD,0.41,0.02,0.15
35,Dakar,Niayes,Niayes,YEUMBEUL SUD,0.53,0.05,0.09
36,Dakar,Thiaroye,Thiaroye,MBAO,0.48,0.03,0.59
37,Dakar,Thiaroye,Thiaroye,DIAMAGUENE SICAP MBAO,0.93,0.05,0.32
38,Dakar,Thiaroye,Thiaroye,THIAROYE GARE,0.45,0.08,0.17
39,Dakar,Thiaroye,Thiaroye,THIAROYE SUR MER,0.57,0.01,0.68
40,Dakar,Thiaroye,Thiaroye,TIVAVOUANE DIAKSAO,0.37,0.01,0.37
41,Dakar,Rufisque,Rufisque,RUFISQUE EST,0.97,0.1,0.22
42,Dakar,Rufisque,Rufisque,RUFISQUE NORD,0.06,0.05,0.46
43,Dakar,Rufisque,Rufisque,RUFISQUE OUEST,0.48,0.04,0.24
44,DIOURBEL,BAMBEY,BAMBEY,BABA GARAGE,0.09,0.02,0.0
45,DIOURBEL,BAMBEY,BAMBEY,DANGALMA,0.03,0.08,0.58
46,DIOURBEL,BAMBEY,BAMBEY,DINGUIRAYE,0.15,0.06,0.39
47,DIOURBEL,BAMBEY,BAMBEY,GAWANE,0.96,0.08,0.25
48,DIOURBEL,BAMBEY,BAMBEY,KEUR SAMBA KANE,0.53,0.05,0.35
49,DIOURBEL,BAMBEY,BAMBEY,LAMBAYE,0.15,0.1,0.29
50,DIOURBEL,BAMBEY,BAMBEY,NDONDOL,0.44,0.06,0.41
51,DIOURBEL,BAMBEY,BAMBEY,NGOGOM,0.11,0.07,0.16
52,DIOURBEL,BAMBEY,BAMBEY,NGOYE,0.83,0.02,0.36
53,DIOURBEL,BAMBEY,BAMBEY,REFANE,0.44,0.08,0.31
54,DIOURBEL,BAMBEY,BAMBEY,THIAKHAR,0.68,0.07,0.18
55,DIOURBEL,BAMBEY,BAMBEY,BAMBEY,0.8,0.05,0.04
56,DIOURBEL,DIOURBEL,DIOURBEL,DANKH SENE,0.44,0.06,0.14
57,DIOURBEL,DIOURBEL,DIOURBEL,GADE ESCALE,0.02,0.08,0.22
58,DIOURBEL,DIOURBEL,DIOURBEL,KEUR NGALGOU,0.11,0.01,0.06
59,DIOURBEL,DIOURBEL,DIOURBEL,NDINDY,0.91,0.05,0.06
60,DIOURBEL,DIOURBEL,DIOURBEL,NDOULO,0.61,0.1,0.46
61,DIOURBEL,DIOURBEL,DIOURBEL,NGOHE,0.28,0.07,0.48
62,DIOURBEL,DIOURBEL,DIOURBEL,PATTAR,0.36,0.01,0.66
63,DIOURBEL,DIOURBEL,DIOURBEL,TAIBA MOUTOUPHA,0.86,0.08,0.0
64,DIOURBEL,DIOURBEL,DIOURBEL,TOCKY GARE,0.12,0.06,0.44
65,DIOURBEL,DIOURBEL,DIOURBEL,TOURE MBONDE,0.01,0.07,0.39
66,DIOURBEL,DIOURBEL,DIOURBEL,DIOURBEL,0.99,0.08,0.58
67,DIOURBEL,MBACKE,MBACKE,DALLA NGABOU,0.57,0.08,0.43
68,DIOURBEL,MBACKE,MBACKE,DANDEYE GOUYGUI,0.7,0.04,0.6
69,DIOURBEL,MBACKE,MBACKE,DAROU NAHIM,0.7,0.02,0.16
70,DIOURBEL,MBACKE,MBACKE,DAROU SALAM TYP,0.39,0.07,0.16
71,DIOURBEL,MBACKE,MBACKE,KAEL,0.72,0.06,0.45
72,DIOURBEL,MBACKE,MBACKE,MADINA,0.74,0.02,0.09
73,DIOURBEL,MBACKE,MBACKE,MISSIRAH,0.52,0.04,0.21
74,DIOURBEL,MBACKE,MBACKE,NDIOUMANE,0.19,0.04,0.62
75,DIOURBEL,MBACKE,MBACKE,NGHAYE,0.97,0.09,0.14
76,DIOURBEL,MBACKE,MBACKE,SADIO,0.8,0.02,0.33
77,DIOURBEL,MBACKE,MBACKE,TAIBA THIEKENE,0.15,0.06,0.15
78,DIOURBEL,MBACKE,MBACKE,TAIF,0.88,0.0,0.18
79,DIOURBEL,MBACKE,MBACKE,TOUBA FALL,0.91,0.05,0.07
80,DIOURBEL,MBACKE,MBACKE,TOUBA MBOUL,0.0,0.06,0.14
81,DIOURBEL,MBACKE,MBACKE,TOUBA MOSQUEE,0.28,0.0,0.62
82,DIOURBEL,MBACKE,MBACKE,MBACKE,0.13,0.05,0.56
83,FATICK,FATICK,DIAKHAO,DIAOULE,0.45,0.0,0.57
84,FATICK,FATICK,DIAKHAO,DIARRERE,0.87,0.09,0.49
85,FATICK,FATICK,DIAKHAO,DIOUROUP,0.02,0.02,0.28
86,FATICK,FATICK,DIAKHAO,DJILASS,0.28,0.06,0.28
87,FATICK,FATICK,DIAKHAO,FIMELA,0.42,0.03,0.6
88,FATICK,FATICK,DIAKHAO,LOUL SESSENE,0.4,0.06,0.1
89,FATICK,FATICK,DIAKHAO,MBELLACADIAO,0.82,0.07,0.46
90,FATICK,FATICK,DIAKHAO,NDIOB,0.07,0.03,0.3
91,FATICK,FATICK,DIAKHAO,NGAYOKHEME,0.62,0.09,0.33
92,FATICK,FATICK,DIAKHAO,NIAKHAR,1.0,0.04,0.04
93,FATICK,FATICK,DIAKHAO,PALMARIN FACAO,0.88,0.06,0.09
94,FATICK,FATICK,DIAKHAO,PATAR,0.53,0.09,0.19
95,FATICK,FATICK,DIAKHAO,TATTAGUINE,0.29,0.02,0.15
96,FATICK,FATICK,DIAKHAO,THIARE NDIALGUI,0.25,0.1,0.48
97,FATICK,FATICK,DIAKHAO,DIAKHAO,0.55,0.05,0.5
98,FATICK,FATICK,DIOFIOR,DIOFIOR,0.81,0.05,0.03
99,FATICK,FATICK,FATICK,FATICK,0.11,0.02,0.29
100,FATICK,FOUNDIOUGNE,FOUNDIOUGNE,BASSOUL,0.6,0.04,0.48
101,FATICK,FOUNDIOUGNE,FOUNDIOUGNE,DIAGANE BARKA,0.35,0.07,0.48
102,FATICK,FOUNDIOUGNE,FOUNDIOUGNE,DIONEWAR,0.14,0.07,0.21
103,FATICK,FOUNDIOUGNE,FOUNDIOUGNE,DIOSSONG,0.19,0.04,0.63
104,FATICK,FOUNDIOUGNE,FOUNDIOUGNE,DJILOR,0.54,0.02,0.06
105,FATICK,FOUNDIOUGNE,FOUNDIOUGNE,DJIRNDA,0.33,0.03,0.03
106,FATICK,FOUNDIOUGNE,FOUNDIOUGNE,KEUR SALOUM DIANE,0.71,0.09,0.61
107,FATICK,FOUNDIOUGNE,FOUNDIOUGNE,KEUR SAMBA GUEYE,0.9,0.05,0.18
108,FATICK,FOUNDIOUGNE,FOUNDIOUGNE,MBAM,0.54,0.08,0.69
109,FATICK,FOUNDIOUGNE,FOUNDIOUGNE,NIASSENE,0.77,0.06,0.19
110,FATICK,FOUNDIOUGNE,FOUNDIOUGNE,NIORO ALASSANE TALL,0.92,0.07,0.47
111,FATICK,FOUNDIOUGNE,FOUNDIOUGNE,TOUBACOUTA,0.35,0.02,0.17
112,FATICK,FOUNDIOUGNE,FOUNDIOUGNE,FOUNDIOUGNE,0.23,0.03,0.67
113,FATICK,FOUNDIOUGNE,KARANG POSTE,KARANG POSTE,0.33,0.09,0.04
114,FATICK,FOUNDIOUGNE,PASSI,PASSI,0.83,0.08,0.26
115,FATICK,FOUNDIOUGNE,SOKONE,SOKONE,0.31,0.03,0.55
116,FATICK,FOUNDIOUGNE,SOUM,SOUM,0.24,0.05,0.69
117,FATICK,GOSSAS,GOSSAS,COLOBANE,0.62,0.09,0.58
118,FATICK,GOSSAS,GOSSAS,MBAR,0.28,0.04,0.02
119,FATICK,GOSSAS,GOSSAS,NDIENE LAGANE,0.53,0.02,0.28
120,FATICK,GOSSAS,GOSSAS,OUADIOUR,0.02,0.05,0.03
121,FATICK,GOSSAS,GOSSAS,PATAR LIA,0.38,0.09,0.6
122,FATICK,GOSSAS,GOSSAS,GOSSAS,0.75,0.04,0.44
123,KAOLACK,GUINGUINEO,FASS,DARA MBOSS,0.28,0.01,0.67
124,KAOLACK,GUINGUINEO,FASS,KHELCOM BIRAME,0.57,0.09,0.19
125,KAOLACK,GUINGUINEO,FASS,MBADAKHOUNE,0.28,0.1,0.28
126,KAOLACK,GUINGUINEO,FASS,NDIAGO,0.96,0.09,0.34
127,KAOLACK,GUINGUINEO,FASS,NGAGNICK,0.38,0.07,0.67
128,KAOLACK,GUINGUINEO,FASS,NGATHIE NAOUDE,0.02,0.04,0.22
129,KAOLACK,GUINGUINEO,FASS,NGELLOU,0.1,0.04,0.18
130,KAOLACK,GUINGUINEO,FASS,OUROUR,0.34,0.01,0.05
131,KAOLACK,GUINGUINEO,FASS,PANAL WOLOF,0.42,0.03,0.06
132,KAOLACK,GUINGUINEO,FASS,FASS,0.13,0.04,0.08
133,KAOLACK,GUINGUINEO,GUINGUINEO,GUINGUINEO,0.66,0.08,0.3
134,KAOLACK,GUINGUINEO,MBOSS,MBOSS,0.23,0.07,0.17
135,KAOLACK,KAOLACK,GANDIAYE,DYA,0.6,0.02,0.2
136,KAOLACK,KAOLACK,GANDIAYE,KEUR BAKA,0.35,0.09,0.69
137,KAOLACK,KAOLACK,GANDIAYE,KEUR SOCE,0.67,0.04,0.52
138,KAOLACK,KAOLACK,GANDIAYE,LATMINGUE,0.08,0.03,0.65
139,KAOLACK,KAOLACK,GANDIAYE,NDIAFFATE,0.34,0.07,0.25
140,KAOLACK,KAOLACK,GANDIAYE,NDIEBEL,0.33,0.05,0.7
141,KAOLACK,KAOLACK,GANDIAYE,NDIEDIENG,0.85,0.0,0.0
142,KAOLACK,KAOLACK,GANDIAYE,THIARE,0.23,0.03,0.12
143,KAOLACK,KAOLACK,GANDIAYE,THIOMBY,0.56,0.07,0.1
144,KAOLACK,KAOLACK,GANDIAYE,GANDIAYE,0.09,0.03,0.4
145,KAOLACK,KAOLACK,KAHONE,KAHONE,0.52,0.04,0.46
146,KAOLACK,KAOLACK,KAOLACK,KAOLACK,0.03,0.07,0.09
147,KAOLACK,KAOLACK,NDOFFANE,NDOFFANE,0.95,0.02,0.23
148,KAOLACK,KAOLACK,SIBASSOR,SIBASSOR,0.23,0.01,0.23
149,KAOLACK,NIORO DU RIP,KEUR MADIABEL,DABALY,0.83,0.09,0.2
150,KAOLACK,NIORO DU RIP,KEUR MADIABEL,DAROU SALAM,0.84,0.06,0.53
151,KAOLACK,NIORO DU RIP,KEUR MADIABEL,GAINTE KAYE,0.65,0.07,0.09
152,KAOLACK,NIORO DU RIP,KEUR MADIABEL,KAYEMOR,0.59,0.01,0.07
153,KAOLACK,NIORO DU RIP,KEUR MADIABEL,KEUR MABA DIAKHOU,0.44,0.06,0.42
154,KAOLACK,NIORO DU RIP,KEUR MADIABEL,KEUR MADONGO,0.44,0.03,0.0
155,KAOLACK,NIORO DU RIP,KEUR MADIABEL,MEDINA SABAKH,0.06,0.08,0.22
156,KAOLACK,NIORO DU RIP,KEUR MADIABEL,NDRAME ESCALE,0.22,0.07,0.1
157,KAOLACK,NIORO DU RIP,KEUR MADIABEL,NGAYENE,0.04,0.03,0.02
158,KAOLACK,NIORO DU RIP,KEUR MADIABEL,PAOSKOTO,0.13,0.08,0.62
159,KAOLACK,NIORO DU RIP,KEUR MADIABEL,POROKHANE,0.5,0.02,0.68
160,KAOLACK,NIORO DU RIP,KEUR MADIABEL,TAIBA NIASSENE,0.53,0.07,0.41
161,KAOLACK,NIORO DU RIP,KEUR MADIABEL,WACK NGOUNA,0.72,0.09,0.02
162,KAOLACK,NIORO DU RIP,KEUR MADIABEL,KEUR MADIABEL,0.31,0.03,0.23
163,KAOLACK,NIORO DU RIP,NIORO DU RIP,NIORO DU RIP,0.78,0.04,0.55
164,KOLDA,KOLDA,DABO,BAGADAJI,0.78,0.1,0.69
165,KOLDA,KOLDA,DABO,COUMBACARA,0.46,0.04,0.44
166,KOLDA,KOLDA,DABO,DIALAMBERE,0.57,0.05,0.21
167,KOLDA,KOLDA,DABO,DIOULACOLON,0.17,0.05,0.58
168,KOLDA,KOLDA,DABO,GUIRO YERO BOCAR,0.46,0.02,0.41
169,KOLDA,KOLDA,DABO,MAMPATIM,0.41,0.06,0.54
170,KOLDA,KOLDA,DABO,MEDINA CHERIF,0.54,0.07,0.12
171,KOLDA,KOLDA,DABO,MEDINA EL HADJI,0.5,0.03,0.5
172,KOLDA,KOLDA,DABO,SARE BIDJI,0.59,0.03,0.19
173,KOLDA,KOLDA,DABO,TANKANTO ESCALE,0.09,0.01,0.26
174,KOLDA,KOLDA,DABO,THIETTY,0.02,0.06,0.21
175,KOLDA,KOLDA,DABO,DABO,0.95,0.09,0.52
176,KOLDA,KOLDA,KOLDA,KOLDA,0.02,0.1,0.67
177,KOLDA,KOLDA,SALIKEGNE,SALIKEGNE,0.23,0.04,0.54
178,KOLDA,KOLDA,SARE YOBA DIEGA,SARE YOBA DIEGA,0.51,0.01,0.63
179,KOLDA,MEDINA YORO FOULAH,MEDINA YORO FOULAH,BADION,0.92,0.09,0.16
180,KOLDA,MEDINA YORO FOULAH,MEDINA YORO FOULAH,BIGNARABE,0.76,0.05,0.3
181,KOLDA,MEDINA YORO FOULAH,MEDINA YORO FOULAH,BOUROUCO,0.81,0.01,0.34
182,KOLDA,MEDINA YORO FOULAH,MEDINA YORO FOULAH,FAFACOUROU,0.06,0.04,0.4
183,KOLDA,MEDINA YORO FOULAH,MEDINA YORO FOULAH,KEREWANE,0.06,0.05,0.2
184,KOLDA,MEDINA YORO FOULAH,MEDINA YORO FOULAH,KOULINTO,0.63,0.01,0.49
185,KOLDA,MEDINA YORO FOULAH,MEDINA YORO FOULAH,NDORNA,0.64,0.03,0.62
186,KOLDA,MEDINA YORO FOULAH,MEDINA YORO FOULAH,NIAMING,0.96,0.04,0.02
187,KOLDA,MEDINA YORO FOULAH,MEDINA YORO FOULAH,MEDINA YORO FOULAH,0.72,0.04,0.16
188,KOLDA,MEDINA YORO FOULAH,PATA,PATA,0.8,0.06,0.24
189,KOLDA,VELINGARA,DIAOBE KABENDOU,BONCONTO,0.64,0.05,0.52
190,KOLDA,VELINGARA,DIAOBE KABENDOU,KANDIA,0.49,0.03,0.21
191,KOLDA,VELINGARA,DIAOBE KABENDOU,KANDIAYE,0.77,0.03,0.47
192,KOLDA,VELINGARA,DIAOBE KABENDOU,LINKERING,0.42,0.02,0.15
193,KOLDA,VELINGARA,DIAOBE KABENDOU,MEDINA GOUNASSE,0.82,0.07,0.02
194,KOLDA,VELINGARA,DIAOBE KABENDOU,NEMATABA,0.86,0.07,0.5
195,KOLDA,VELINGARA,DIAOBE KABENDOU,OUASSADOU,0.19,0.03,0.45
196,KOLDA,VELINGARA,DIAOBE KABENDOU,PAKOUR,0.84,0.07,0.68
197,KOLDA,VELINGARA,DIAOBE KABENDOU,PAROUMBA,0.13,0.04,0.62
198,KOLDA,VELINGARA,DIAOBE KABENDOU,SARE COLI SALLE,0.98,0.08,0.17
199,KOLDA,VELINGARA,DIAOBE KABENDOU,SINTHIANG KOUNDARA,0.44,0.02,0.69
200,KOLDA,VELINGARA,DIAOBE KABENDOU,DIAOBE KABENDOU,0.6,0.05,0.2
201,KOLDA,VELINGARA,KOUNKANE,KOUNKANE,0.06,0.05,0.62
202,KOLDA,VELINGARA,VELINGARA,VELINGARA,0.49,0.01,0.15
203,LOUGA,KEBEMER,GUEOUL,BANDEGNE OUOLOF,0.54,0.04,0.42
204,LOUGA,KEBEMER,GUEOUL,DAROU MARNANE,0.24,0.01,0.04
205,LOUGA,KEBEMER,GUEOUL,DAROU MOUSTI,0.51,0.01,0.51
206,LOUGA,KEBEMER,GUEOUL,DIOKOUL NDIAWRIGNE,0.64,0.09,0.23
207,LOUGA,KEBEMER,GUEOUL,KAB GAYE,0.32,0.01,0.22
208,LOUGA,KEBEMER,GUEOUL,KANENE NDIOB,0.61,0.03,0.6
209,LOUGA,KEBEMER,GUEOUL,LORO,0.43,0.01,0.23
210,LOUGA,KEBEMER,GUEOUL,MBACKE CAJOR,0.6,0.02,0.22
211,LOUGA,KEBEMER,GUEOUL,MBADIANE,0.62,0.05,0.02
212,LOUGA,KEBEMER,GUEOUL,NDANDE,0.48,0.02,0.2
213,LOUGA,KEBEMER,GUEOUL,NDOYENE,0.85,0.02,0.08
214,LOUGA,KEBEMER,GUEOUL,NGOURANE OUOLOF,0.79,0.05,0.39
215,LOUGA,KEBEMER,GUEOUL,SAGATA GUETH,0.03,0.01,0.43
216,LOUGA,KEBEMER,GUEOUL,SAM YABAL,0.61,0.05,0.13
217,LOUGA,KEBEMER,GUEOUL,THIEP,0.31,0.1,0.28
218,LOUGA,KEBEMER,GUEOUL,THIOLOM FALL,0.44,0.05,0.29
219,LOUGA,KEBEMER,GUEOUL,TOUBA MERINA,0.77,0.04,0.65
220,LOUGA,KEBEMER,GUEOUL,GUEOUL,0.19,0.03,0.12
221,LOUGA,KEBEMER,KEBEMER,KEBEMER,0.73,0.09,0.43
222,LOUGA,LINGUERE,DAHRA,AFFE DJOLOF,0.03,0.01,0.56
223,LOUGA,LINGUERE,DAHRA,BARKEDJI,0.4,0.04,0.59
224,LOUGA,LINGUERE,DAHRA,BOULAL,0.83,0.04,0.06
225,LOUGA,LINGUERE,DAHRA,DEALY,0.78,0.04,0.56
226,LOUGA,LINGUERE,DAHRA,DODJI,0.79,0.06,0.09
227,LOUGA,LINGUERE,DAHRA,GASSANE,0.36,0.04,0.66
228,LOUGA,LINGUERE,DAHRA,KAMBE,0.38,0.06,0.18
229,LOUGA,LINGUERE,DAHRA,LABGAR,0.34,0.03,0.62
230,LOUGA,LINGUERE,DAHRA,MBOULA,0.02,0.03,0.03
231,LOUGA,LINGUERE,DAHRA,OUARKHOKH,0.7,0.02,0.14
232,LOUGA,LINGUERE,DAHRA,SAGATTA DJOLOF,0.21,0.07,0.47
233,LOUGA,LINGUERE,DAHRA,TESSEKERE FORAGE,0.73,0.02,0.43
234,LOUGA,LINGUERE,DAHRA,THIAMENE PASSE,0.7,0.08,0.21
235,LOUGA,LINGUERE,DAHRA,THIARGNY,0.08,0.09,0.41
236,LOUGA,LINGUERE,DAHRA,THIEL,0.52,0.1,0.33
237,LOUGA,LINGUERE,DAHRA,YANG YANG,0.79,0.06,0.59
238,LOUGA,LINGUERE,DAHRA,DAHRA,0.17,0.02,0.08
239,LOUGA,LINGUERE,LINGUERE,LINGUERE,0.85,0.07,0.01
240,LOUGA,LINGUERE,MBEULEUKHE,MBEULEUKHE,0.03,0.03,0.64
241,LOUGA,LOUGA,LOUGA,GANDE,0.87,0.05,0.31
242,LOUGA,LOUGA,LOUGA,GUET ARDO,0.21,0.07,0.57
243,LOUGA,LOUGA,LOUGA,KELLE GUEYE,0.11,0.05,0.03
244,LOUGA,LOUGA,LOUGA,KEUR MOMAR SARR,0.02,0.06,0.27
245,LOUGA,LOUGA,LOUGA,KOKI,0.05,0.08,0.6
246,LOUGA,LOUGA,LOUGA,LEONA,0.13,0.09,0.39
247,LOUGA,LOUGA,LOUGA,MBEDIENE,0.68,0.01,0.18
248,LOUGA,LOUGA,LOUGA,NGUER MALAL,0.97,0.05,0.17
249,LOUGA,LOUGA,LOUGA,NGUEUNE SARR,0.82,0.09,0.63
250,LOUGA,LOUGA,LOUGA,NGUIDILE,0.16,0.09,0.18
251,LOUGA,LOUGA,LOUGA,NIOMRE,0.01,0.04,0.57
252,LOUGA,LOUGA,LOUGA,PETE OUARACK,0.73,0.05,0.23
253,LOUGA,LOUGA,LOUGA,SAKAL,0.29,0.01,0.05
254,LOUGA,LOUGA,LOUGA,SYER,0.16,0.01,0.44
255,LOUGA,LOUGA,LOUGA,THIAMENE CAYOR,0.93,0.08,0.12
256,LOUGA,LOUGA,LOUGA,LOUGA,0.69,0.05,0.63
257,LOUGA,LOUGA,NDIAGNE,NDIAGNE,0.77,0.03,0.0
258,MATAM,KANEL,DEMBANCANE,AOURE,0.36,0.06,0.4
259,MATAM,KANEL,DEMBANCANE,BOKILADJI,0.65,0.09,0.1
260,MATAM,KANEL,DEMBANCANE,NDENDORY,0.82,0.02,0.14
261,MATAM,KANEL,DEMBANCANE,ORKADIERE,0.58,0.1,0.48
262,MATAM,KANEL,DEMBANCANE,WOURO SIDY,0.6,0.0,0.62
263,MATAM,KANEL,DEMBANCANE,DEMBANCANE,0.18,0.09,0.54
264,MATAM,KANEL,HAMADI HOUNARE,HAMADI HOUNARE,0.78,0.06,0.68
265,MATAM,KANEL,KANEL,KANEL,0.45,0.01,0.41
266,MATAM,KANEL,ODOBERE,ODOBERE,0.72,0.06,0.18
267,MATAM,KANEL,OUAOUNDE,OUAOUNDE,0.69,0.07,0.48
268,MATAM,KANEL,SEMME,SEMME,0.91,0.01,0.31
269,MATAM,KANEL,SINTHIOU BAMAMBE BANADJI,SINTHIOU BAMAMBE BANADJI,0.36,0.07,0.19
270,MATAM,MATAM,MATAM,BOKIDIAVE,0.67,0.1,0.17
271,MATAM,MATAM,MATAM,DABIA,0.67,0.1,0.57
272,MATAM,MATAM,MATAM,DES AGNAM (AGNAM CIVOL),0.06,0.1,0.47
273,MATAM,MATAM,MATAM,NABADJI CIVOL,0.85,0.05,0.68
274,MATAM,MATAM,MATAM,OGO,0.68,0.0,0.23
275,MATAM,MATAM,MATAM,OREFONDE,0.17,0.05,0.26
276,MATAM,MATAM,MATAM,MATAM,0.23,0.02,0.56
277,MATAM,MATAM,NGUIDJILONE,NGUIDJILONE,0.82,0.09,0.14
278,MATAM,MATAM,OUROSSOGUI,OUROSSOGUI,0.25,0.01,0.42
279,MATAM,MATAM,THILOGNE,THILOGNE,0.74,0.04,0.19
280,MATAM,RANEROU FERLO,RANEROU,LOUGRE THIOLY,0.1,0.02,0.66
281,MATAM,RANEROU FERLO,RANEROU,OUDALAYE,0.5,0.05,0.02
282,MATAM,RANEROU FERLO,RANEROU,VELINGARA,0.84,0.03,0.26
283,MATAM,RANEROU FERLO,RANEROU,RANEROU,0.48,0.09,0.23
284,SAINT-LOUIS,DAGANA,DAGANA,BOKHOL,0.43,0.03,0.43
285,SAINT-LOUIS,DAGANA,DAGANA,DIAMA,0.13,0.0,0.15
286,SAINT-LOUIS,DAGANA,DAGANA,GNITH,0.26,0.06,0.48
287,SAINT-LOUIS,DAGANA,DAGANA,MBANE,0.38,0.08,0.09
288,SAINT-LOUIS,DAGANA,DAGANA,RONKH,0.82,0.09,0.65
289,SAINT-LOUIS,DAGANA,DAGANA,DAGANA,0.14,0.09,0.25
290,SAINT-LOUIS,DAGANA,GAE,GAE,0.94,0.03,0.24
291,SAINT-LOUIS,DAGANA,NDOMBO SANDJIRY,NDOMBO SANDJIRY,0.25,0.09,0.58
292,SAINT-LOUIS,DAGANA,RICHARD TOLL,RICHARD TOLL,0.84,0.04,0.35
293,SAINT-LOUIS,DAGANA,ROSS BETHIO,ROSS BETHIO,0.9,0.02,0.51
294,SAINT-LOUIS,DAGANA,ROSSO SENEGAL,ROSSO SENEGAL,0.09,0.09,0.16
295,SAINT-LOUIS,PODOR,AERE LAO,BOKE DIALLOUBE,0.88,0.1,0.31
296,SAINT-LOUIS,PODOR,AERE LAO,DODEL,0.99,0.08,0.48
297,SAINT-LOUIS,PODOR,AERE LAO,DOUMGA LAO,0.32,0.06,0.65
298,SAINT-LOUIS,PODOR,AERE LAO,FANAYE,0.36,0.04,0.54
299,SAINT-LOUIS,PODOR,AERE LAO,GAMADJI SARE,0.21,0.05,0.67
300,SAINT-LOUIS,PODOR,AERE LAO,GUEDE VILLAGE,0.87,0.07,0.36
301,SAINT-LOUIS,PODOR,AERE LAO,MADINA NDIATHBE,0.48,0.06,0.2
302,SAINT-LOUIS,PODOR,AERE LAO,MBOLO BIRANE,0.64,0.05,0.43
303,SAINT-LOUIS,PODOR,AERE LAO,MERI,0.2,0.1,0.4
304,SAINT-LOUIS,PODOR,AERE LAO,NDIAYENE PEINDAO,0.59,0.01,0.03
305,SAINT-LOUIS,PODOR,AERE LAO,AERE LAO,0.68,0.08,0.52
306,SAINT-LOUIS,PODOR,BODE LAO,BODE LAO,0.91,0.07,0.03
307,SAINT-LOUIS,PODOR,DEMETTE,DEMETTE,0.07,0.1,0.08
308,SAINT-LOUIS,PODOR,GALOYA TOUCOULEUR,GALOYA TOUCOULEUR,0.49,0.04,0.2
309,SAINT-LOUIS,PODOR,GOLLERE,GOLLERE,0.38,0.03,0.25
310,SAINT-LOUIS,PODOR,GUEDE CHANTIER,GUEDE CHANTIER,0.87,0.03,0.38
311,SAINT-LOUIS,PODOR,MBOUMBA,MBOUMBA,0.7,0.07,0.06
312,SAINT-LOUIS,PODOR,NDIOUM,NDIOUM,0.62,0.01,0.04
313,SAINT-LOUIS,PODOR,NIANDANE,NIANDANE,0.03,0.0,0.25
314,SAINT-LOUIS,PODOR,PETE,PETE,0.3,0.02,0.52
315,SAINT-LOUIS,PODOR,PODOR,PODOR,0.85,0.03,0.39
316,SAINT-LOUIS,PODOR,WALALDE,WALALDE,0.21,0.09,0.32
317,SAINT-LOUIS,SAINT-LOUIS,MPAL,FASS NGOM,0.6,0.08,0.32
318,SAINT-LOUIS,SAINT-LOUIS,MPAL,GANDON,0.54,0.05,0.13
319,SAINT-LOUIS,SAINT-LOUIS,MPAL,NDIEBENE GANDIOLE,0.2,0.09,0.07
320,SAINT-LOUIS,SAINT-LOUIS,MPAL,MPAL,0.47,0.08,0.21
321,SAINT-LOUIS,SAINT-LOUIS,SAINT-LOUIS,SAINT-LOUIS,0.73,0.07,0.38
322,TAMBACOUNDA,BAKEL,BAKEL,BALLOU,0.42,0.1,0.06
323,TAMBACOUNDA,BAKEL,BAKEL,BELE,0.0,0.01,0.05
324,TAMBACOUNDA,BAKEL,BAKEL,GABOU,0.85,0.1,0.67
325,TAMBACOUNDA,BAKEL,BAKEL,GATHIARI,0.84,0.03,0.28
326,TAMBACOUNDA,BAKEL,BAKEL,MADINA FOULBE,0.41,0.08,0.13
327,TAMBACOUNDA,BAKEL,BAKEL,MOUDERI,0.74,0.09,0.47
328,TAMBACOUNDA,BAKEL,BAKEL,SADATOU,0.92,0.05,0.67
329,TAMBACOUNDA,BAKEL,BAKEL,SINTHIOU FISSA,0.66,0.08,0.01
330,TAMBACOUNDA,BAKEL,BAKEL,TOUMBOURA,0.84,0.02,0.46
331,TAMBACOUNDA,BAKEL,BAKEL,BAKEL,0.62,0.04,0.22
332,TAMBACOUNDA,BAKEL,DIAWARA,DIAWARA,0.51,0.05,0.34
333,TAMBACOUNDA,BAKEL,KIDIRA,KIDIRA,0.84,0.02,0.46
334,TAMBACOUNDA,GOUDIRY,GOUDIRY,BALA,0.62,0.05,0.03
335,TAMBACOUNDA,GOUDIRY,GOUDIRY,BANI ISRAEL,0.33,0.06,0.7
336,TAMBACOUNDA,GOUDIRY,GOUDIRY,BOUTOUCOUFARA,0.49,0.04,0.63
337,TAMBACOUNDA,GOUDIRY,GOUDIRY,BOYNGUEL BAMBA,0.91,0.01,0.6
338,TAMBACOUNDA,GOUDIRY,GOUDIRY,DIANKE MAKHA,0.52,0.02,0.55
339,TAMBACOUNDA,GOUDIRY,GOUDIRY,DOUGUE,0.83,0.04,0.7
340,TAMBACOUNDA,GOUDIRY,GOUDIRY,GOUMBAYEL,0.16,0.07,0.56
341,TAMBACOUNDA,GOUDIRY,GOUDIRY,KOAR,0.46,0.08,0.58
342,TAMBACOUNDA,GOUDIRY,GOUDIRY,KOMOTI,0.14,0.09,0.44
343,TAMBACOUNDA,GOUDIRY,GOUDIRY,KOULOR,0.69,0.01,0.33
344,TAMBACOUNDA,GOUDIRY,GOUDIRY,KOUSSAN,0.8,0.01,0.69
345,TAMBACOUNDA,GOUDIRY,GOUDIRY,SINTHIOU BOCAR ALY,0.09,0.06,0.41
346,TAMBACOUNDA,GOUDIRY,GOUDIRY,SINTHIOU MAMADOU BOUBOU,0.39,0.01,0.22
347,TAMBACOUNDA,GOUDIRY,GOUDIRY,GOUDIRY,0.75,0.04,0.66
348,TAMBACOUNDA,GOUDIRY,KOTHIARY,KOTHIARY,0.52,0.03,0.34
349,TAMBACOUNDA,KOUMPENTOUM,KOUMPENTOUM,BAMBA THIALENE,0.37,0.09,0.26
350,TAMBACOUNDA,KOUMPENTOUM,KOUMPENTOUM,KAHENE,0.35,0.04,0.08
351,TAMBACOUNDA,KOUMPENTOUM,KOUMPENTOUM,KOUTHIA GAYDI,0.13,0.07,0.21
352,TAMBACOUNDA,KOUMPENTOUM,KOUMPENTOUM,KOUTHIABA WOLOF,0.67,0.05,0.16
353,TAMBACOUNDA,KOUMPENTOUM,KOUMPENTOUM,MERETO,0.67,0.02,0.67
354,TAMBACOUNDA,KOUMPENTOUM,KOUMPENTOUM,NDAM,0.66,0.08,0.49
355,TAMBACOUNDA,KOUMPENTOUM,KOUMPENTOUM,PASS KOTO,0.78,0.07,0.61
356,TAMBACOUNDA,KOUMPENTOUM,KOUMPENTOUM,PAYAR,0.55,0.03,0.0
357,TAMBACOUNDA,KOUMPENTOUM,KOUMPENTOUM,KOUMPENTOUM,0.65,0.07,0.46
358,TAMBACOUNDA,KOUMPENTOUM,MALEME NIANI,MALEME NIANI,0.87,0.09,0.65
359,TAMBACOUNDA,TAMBACOUNDA,TAMBACOUNDA,DIALOKOTO,0.56,0.05,0.28
360,TAMBACOUNDA,TAMBACOUNDA,TAMBACOUNDA,KOUSSANAR,0.3,0.08,0.46
361,TAMBACOUNDA,TAMBACOUNDA,TAMBACOUNDA,MAKACOLIBANTANG,0.33,0.03,0.64
362,TAMBACOUNDA,TAMBACOUNDA,TAMBACOUNDA,NDOGA BABACAR,0.99,0.08,0.32
363,TAMBACOUNDA,TAMBACOUNDA,TAMBACOUNDA,NETTEBOULOU,0.9,0.06,0.25
364,TAMBACOUNDA,TAMBACOUNDA,TAMBACOUNDA,NIANI TOUCOULEUR,0.54,0.08,0.13
365,TAMBACOUNDA,TAMBACOUNDA,TAMBACOUNDA,SINTHIOU MALEME,0.84,0.04,0.1
366,TAMBACOUNDA,TAMBACOUNDA,TAMBACOUNDA,TAMBACOUNDA,0.7,0.1,0.61
367,,,,,0.1,0.07,0.61
368,THiÈS,MBOUR,JOAL FADIOUTH,DIASS,0.62,0.06,0.22
369,THiÈS,MBOUR,JOAL FADIOUTH,FISSEL,0.93,0.0,0.17
370,THiÈS,MBOUR,JOAL FADIOUTH,MALICOUNDA,0.95,0.07,0.33
371,THiÈS,MBOUR,JOAL FADIOUTH,NDIAGANIAO,0.16,0.04,0.05
372,THiÈS,MBOUR,JOAL FADIOUTH,NGUENIENE,0.54,0.03,0.4
373,THiÈS,MBOUR,JOAL FADIOUTH,SANDIARA,0.5,0.08,0.69
374,THiÈS,MBOUR,JOAL FADIOUTH,SESSENE,0.11,0.0,0.39
375,THiÈS,MBOUR,JOAL FADIOUTH,SINDIA,0.81,0.03,0.62
376,THiÈS,MBOUR,JOAL FADIOUTH,JOAL FADIOUTH,0.05,0.09,0.56
377,THiÈS,MBOUR,MBOUR,MBOUR,0.48,0.1,0.12
378,THiÈS,MBOUR,NGAPAROU,NGAPAROU,0.29,0.05,0.04
379,THiÈS,MBOUR,NGUEKHOKH,NGUEKHOKH,0.32,0.03,0.03
380,THiÈS,MBOUR,POPENGUINE-NDAYANE,POPENGUINE-NDAYANE,0.89,0.06,0.18
381,THiÈS,MBOUR,SALY PORTUDAL,SALY PORTUDAL,0.97,0.06,0.66
382,THiÈS,MBOUR,SOMONE,SOMONE,0.38,0.08,0.46
383,THiÈS,MBOUR,THIADIAYE,THIADIAYE,0.27,0.05,0.05
384,THiÈS,THiÈS,THiÈS,THiÈS,0.66,0.04,0.37
385,THiÈS,THiÈS,THiÈS,THiÈS,0.1,0.04,0.08
386,THiÈS,THiÈS,THiÈS,THiÈS,0.95,0.02,0.15
387,THiÈS,THiÈS,THiÈS,DIENDER GUEDJI,0.87,0.04,0.51
388,THiÈS,THiÈS,THiÈS,FANDENE,0.92,0.03,0.43
389,THiÈS,THiÈS,THiÈS,KEUR MOUSSA,0.09,0.04,0.56
390,THiÈS,THiÈS,THiÈS,NDIEYENE SIRAKH,0.18,0.03,0.52
391,THiÈS,THiÈS,THiÈS,NGOUNDIANE,0.27,0.09,0.57
392,THiÈS,THiÈS,THiÈS,NOTTO,0.99,0.07,0.26
393,THiÈS,THiÈS,THiÈS,TASSETTE,0.95,0.02,0.49
394,THiÈS,THiÈS,THiÈS,THIENABA,0.43,0.05,0.19
395,THiÈS,THiÈS,THiÈS,TOUBA TOUL,0.57,0.04,0.16
396,THiÈS,THiÈS,THiÈS,THiÈS,0.47,0.05,0.07
397,THiÈS,THiÈS,KAYAR,KAYAR,0.3,0.03,0.05
398,THiÈS,THiÈS,KHOMBOLE,KHOMBOLE,0.47,0.04,0.35
399,THiÈS,THiÈS,POUT,POUT,0.51,0.07,0.34
400,THiÈS,TIVAOUANE,MBORO,CHERIF LO,0.47,0.08,0.65
401,THiÈS,TIVAOUANE,MBORO,DAROU KHOUDOSS,0.21,0.02,0.69
402,THiÈS,TIVAOUANE,MBORO,KOUL,0.69,0.08,0.36
403,THiÈS,TIVAOUANE,MBORO,MBAYENE,0.48,0.05,0.54
404,THiÈS,TIVAOUANE,MBORO,MEOUANE,0.41,0.07,0.32
405,THiÈS,TIVAOUANE,MBORO,MERINA DAKHAR,0.99,0.07,0.35
406,THiÈS,TIVAOUANE,MBORO,MONT ROLLAND,0.15,0.08,0.65
407,THiÈS,TIVAOUANE,MBORO,NGANDIOUF,0.16,0.05,0.32
408,THiÈS,TIVAOUANE,MBORO,NIAKHENE,0.35,0.07,0.64
409,THiÈS,TIVAOUANE,MBORO,NOTTO GOUYE DIAMA,0.18,0.06,0.03
410,THiÈS,TIVAOUANE,MBORO,PAMBAL,0.33,0.08,0.16
411,THiÈS,TIVAOUANE,MBORO,PEKESSE,0.68,0.02,0.36
412,THiÈS,TIVAOUANE,MBORO,PIRE GOUREYE,0.63,0.08,0.34
413,THiÈS,TIVAOUANE,MBORO,TAIBA NDIAYE,0.82,0.01,0.33
414,THiÈS,TIVAOUANE,MBORO,THILMAKHA,0.32,0.07,0.38
415,THiÈS,TIVAOUANE,MBORO,MBORO,1.0,0.05,0.37
416,THiÈS,TIVAOUANE,MECKHE,MECKHE,0.05,0.04,0.29
417,THiÈS,TIVAOUANE,TIVAOUANE,TIVAOUANE,0.12,0.1,0.04
418,ZIGUINCHOR,BIGNONA,BIGNONA,BALINGORE,0.48,0.08,0.45
419,ZIGUINCHOR,BIGNONA,BIGNONA,COUBALAN,0.17,0.09,0.36
420,ZIGUINCHOR,BIGNONA,BIGNONA,DIEGOUNE,0.31,0.06,0.24
421,ZIGUINCHOR,BIGNONA,BIGNONA,DJIBIDIONE,0.66,0.09,0.11
422,ZIGUINCHOR,BIGNONA,BIGNONA,DJINAKI,0.98,0.03,0.27
423,ZIGUINCHOR,BIGNONA,BIGNONA,KAFOUNTINE,0.97,0.07,0.31
424,ZIGUINCHOR,BIGNONA,BIGNONA,KARTIACK,0.39,0.01,0.59
425,ZIGUINCHOR,BIGNONA,BIGNONA,KATABA 1,0.79,0.04,0.03
426,ZIGUINCHOR,BIGNONA,BIGNONA,MANGAGOULACK,0.34,0.05,0.2
427,ZIGUINCHOR,BIGNONA,BIGNONA,MLOMP,0.09,0.07,0.2
428,ZIGUINCHOR,BIGNONA,BIGNONA,NIAMONE,0.64,0.03,0.57
429,ZIGUINCHOR,BIGNONA,BIGNONA,OULAMPANE,0.53,0.03,0.24
430,ZIGUINCHOR,BIGNONA,BIGNONA,OUONCK,0.35,0.09,0.34
431,ZIGUINCHOR,BIGNONA,BIGNONA,SINDIAN,0.43,0.09,0.11
432,ZIGUINCHOR,BIGNONA,BIGNONA,SUEL,0.12,0.09,0.12
433,ZIGUINCHOR,BIGNONA,BIGNONA,TENGHORI,0.84,0.08,0.56
434,ZIGUINCHOR,BIGNONA,BIGNONA,BIGNONA,0.37,0.03,0.03
435,ZIGUINCHOR,BIGNONA,DIOULOULOU,DIOULOULOU,0.84,0.0,0.02
436,ZIGUINCHOR,BIGNONA,THIONCK ESSYL,THIONCK ESSYL,0.63,0.02,0.51
437,ZIGUINCHOR,OUSSOUYE,OUSSOUYE,DIEMBERING,0.59,0.08,0.66
438,ZIGUINCHOR,OUSSOUYE,OUSSOUYE,OUKOUT,0.33,0.04,0.15
439,ZIGUINCHOR,OUSSOUYE,OUSSOUYE,SANTHIABA MANJAQUE,0.52,0.01,0.56
440,ZIGUINCHOR,OUSSOUYE,OUSSOUYE,OUSSOUYE,0.73,0.1,0.52
441,ZIGUINCHOR,ZIGUINCHOR,ZIGUINCHOR,ADEANE,0.01,0.01,0.39
442,ZIGUINCHOR,ZIGUINCHOR,ZIGUINCHOR,BOUTOUPA CAMARACOUND,0.97,0.0,0.21
443,ZIGUINCHOR,ZIGUINCHOR,ZIGUINCHOR,ENAMPOR,0.81,0.02,0.16
444,ZIGUINCHOR,ZIGUINCHOR,ZIGUINCHOR,NIAGUIS,0.3,0.05,0.36
445,ZIGUINCHOR,ZIGUINCHOR,ZIGUINCHOR,NIASSIA,0.39,0.07,0.32
446,ZIGUINCHOR,ZIGUINCHOR,ZIGUINCHOR,ZIGUINCHOR,0.38,0.04,0.44
447,SÉDHIOU,BOUNKILING,BOUNKILING,BOGHAL,0.48,0.09,0.1
448,SÉDHIOU,BOUNKILING,BOUNKILING,BONA,0.54,0.02,0.58
449,SÉDHIOU,BOUNKILING,BOUNKILING,DIACOUNDA,0.96,0.1,0.58
450,SÉDHIOU,BOUNKILING,BOUNKILING,DIAMBATY,0.45,0.05,0.55
451,SÉDHIOU,BOUNKILING,BOUNKILING,DIAROUME,0.88,0.09,0.3
452,SÉDHIOU,BOUNKILING,BOUNKILING,DJINANY,0.79,0.09,0.48
453,SÉDHIOU,BOUNKILING,BOUNKILING,FAOUNE,0.12,0.03,0.55
454,SÉDHIOU,BOUNKILING,BOUNKILING,INOR,0.98,0.06,0.65
455,SÉDHIOU,BOUNKILING,BOUNKILING,KANDION MANGANA,0.77,0.05,0.54
456,SÉDHIOU,BOUNKILING,BOUNKILING,NDIAMALATHIEL,0.25,0.08,0.19
457,SÉDHIOU,BOUNKILING,BOUNKILING,TANKON,0.8,0.09,0.47
458,SÉDHIOU,BOUNKILING,BOUNKILING,BOUNKILING,0.75,0.02,0.46
459,SÉDHIOU,BOUNKILING,MADINA WANDIFA,MADINA WANDIFA,0.68,0.1,0.15
460,SÉDHIOU,BOUNKILING,NDIAMACOUTA,NDIAMACOUTA,0.93,0.06,0.69
461,SÉDHIOU,GOUDOMP,DIATTACOUNDA,BAGHERE,0.8,0.05,0.51
462,SÉDHIOU,GOUDOMP,DIATTACOUNDA,DIOUDOUBOU,0.98,0.09,0.29
463,SÉDHIOU,GOUDOMP,DIATTACOUNDA,DJIBANAR,0.47,0.05,0.09
464,SÉDHIOU,GOUDOMP,DIATTACOUNDA,KAOUR,0.84,0.03,0.43
465,SÉDHIOU,GOUDOMP,DIATTACOUNDA,KARANTABA,0.96,0.06,0.41
466,SÉDHIOU,GOUDOMP,DIATTACOUNDA,KOLIBANTANG,0.65,0.06,0.06
467,SÉDHIOU,GOUDOMP,DIATTACOUNDA,MANGAROUNGOU SANTO,0.14,0.01,0.38
468,SÉDHIOU,GOUDOMP,DIATTACOUNDA,NIAGHA,0.73,0.04,0.5
469,SÉDHIOU,GOUDOMP,DIATTACOUNDA,SIMBANDI BALANTE,0.3,0.01,0.24
470,SÉDHIOU,GOUDOMP,DIATTACOUNDA,SIMBANDI BRASSOU,0.06,0.07,0.23
471,SÉDHIOU,GOUDOMP,DIATTACOUNDA,YARANG BALANTE,0.81,0.0,0.38
472,SÉDHIOU,GOUDOMP,DIATTACOUNDA,DIATTACOUNDA,0.62,0.08,0.28
473,SÉDHIOU,GOUDOMP,GOUDOMP,GOUDOMP,0.79,0.08,0.03
474,SÉDHIOU,GOUDOMP,SAMINE,SAMINE,0.66,0.01,0.58
475,SÉDHIOU,GOUDOMP,TANAFF,TANAFF,0.44,0.08,0.57
476,SÉDHIOU,SÉDHIOU,DIANAH MALARY,BAMBALI,0.11,0.03,0.2
477,SÉDHIOU,SÉDHIOU,DIANAH MALARY,BEMET BIDJINI,0.9,0.04,0.59
478,SÉDHIOU,SÉDHIOU,DIANAH MALARY,DIANNAH BA,0.03,0.01,0.04
479,SÉDHIOU,SÉDHIOU,DIANAH MALARY,DIENDE,0.97,0.06,0.41
480,SÉDHIOU,SÉDHIOU,DIANAH MALARY,DJIBABOUYA,0.09,0.08,0.41
481,SÉDHIOU,SÉDHIOU,DIANAH MALARY,DJIREDJI,0.47,0.08,0.68
482,SÉDHIOU,SÉDHIOU,DIANAH MALARY,KOUSSY,0.24,0.06,0.45
483,SÉDHIOU,SÉDHIOU,DIANAH MALARY,OUDOUCAR,0.49,0.01,0.53
484,SÉDHIOU,SÉDHIOU,DIANAH MALARY,SAKAR,0.36,0.1,0.54
485,SÉDHIOU,SÉDHIOU,DIANAH MALARY,SAME KANTA PEULH,0.06,0.1,0.37
486,SÉDHIOU,SÉDHIOU,DIANAH MALARY,SANSAMBA,0.25,0.06,0.13
487,SÉDHIOU,SÉDHIOU,DIANAH MALARY,DIANAH MALARY,0.43,0.07,0.31
488,SÉDHIOU,SÉDHIOU,MARSSASSOUM,MARSSASSOUM,0.09,0.06,0.22
489,SÉDHIOU,SÉDHIOU,SÉDHIOU,SÉDHIOU,0.59,0.03,0.52
490,KAFFRINE,BIRKILANE,BIRKILANE,DIAMAL,0.84,0.07,0.28
491,KAFFRINE,BIRKILANE,BIRKILANE,KEUR MBOUCKI,0.03,0.01,0.54
492,KAFFRINE,BIRKILANE,BIRKILANE,MABO,0.18,0.02,0.5
493,KAFFRINE,BIRKILANE,BIRKILANE,MBEULEUP,0.61,0.03,0.16
494,KAFFRINE,BIRKILANE,BIRKILANE,NDIOGNICK,0.64,0.02,0.47
495,KAFFRINE,BIRKILANE,BIRKILANE,SEGRE GATTA,0.87,0.03,0.14
496,KAFFRINE,BIRKILANE,BIRKILANE,TOUBA MBELLA,0.33,0.08,0.22
497,KAFFRINE,BIRKILANE,BIRKILANE,BIRKILANE,0.33,0.02,0.68
498,KAFFRINE,KAFFRINE,KAFFRINE,BOULEL,0.54,0.03,0.1
499,KAFFRINE,KAFFRINE,KAFFRINE,DIAMAGADIO,0.21,0.03,0.11
500,KAFFRINE,KAFFRINE,KAFFRINE,DIOKOUL MBELBOUCK,0.73,0.06,0.09
501,KAFFRINE,KAFFRINE,KAFFRINE,GNIBY,0.34,0.07,0.27
502,KAFFRINE,KAFFRINE,KAFFRINE,KAHI,0.64,0.05,0.17
503,KAFFRINE,KAFFRINE,KAFFRINE,KATHIOTE,0.62,0.0,0.27
504,KAFFRINE,KAFFRINE,KAFFRINE,MEDINATOUL SALAM 2,0.16,0.02,0.38
505,KAFFRINE,KAFFRINE,KAFFRINE,KAFFRINE,0.5,0.05,0.6
506,KAFFRINE,KAFFRINE,NGANDA,NGANDA,0.51,0.08,0.04
507,KAFFRINE,KOUNGHEUL,KOUNGHEUL,FASS THIEKENE,0.3,0.04,0.43
508,KAFFRINE,KOUNGHEUL,KOUNGHEUL,IDA MOURIDE,0.75,0.05,0.49
509,KAFFRINE,KOUNGHEUL,KOUNGHEUL,LOUR ESCALE,0.4,0.06,0.11
510,KAFFRINE,KOUNGHEUL,KOUNGHEUL,MAKA YOP,0.05,0.06,0.68
511,KAFFRINE,KOUNGHEUL,KOUNGHEUL,MISSIRAH WADENE,0.89,0.07,0.58
512,KAFFRINE,KOUNGHEUL,KOUNGHEUL,NGAINTHE PATE,0.71,0.01,0.54
513,KAFFRINE,KOUNGHEUL,KOUNGHEUL,RIBOT ESCALE,0.56,0.02,0.3
514,KAFFRINE,KOUNGHEUL,KOUNGHEUL,SALY ESCALE,0.06,0.05,0.44
515,KAFFRINE,KOUNGHEUL,KOUNGHEUL,KOUNGHEUL,0.52,0.07,0.49
516,KAFFRINE,MALEM HODAR,MALEM HODAR,DAROU MINAM,0.87,0.06,0.2
517,KAFFRINE,MALEM HODAR,MALEM HODAR,DJANKE SOUF,0.98,0.01,0.41
518,KAFFRINE,MALEM HODAR,MALEM HODAR,KHELCOM,0.07,0.1,0.34
519,KAFFRINE,MALEM HODAR,MALEM HODAR,NDIOBENE SAMBA LAMO,0.81,0.01,0.02
520,KAFFRINE,MALEM HODAR,MALEM HODAR,NDIOUM NGAINTHE,0.91,0.03,0.24
521,KAFFRINE,MALEM HODAR,MALEM HODAR,SAGNA,0.08,0.07,0.17
522,KAFFRINE,MALEM HODAR,MALEM HODAR,MALEM HODAR,0.68,0.0,0.6
523,KEDOUGOU,KEDOUGOU,KEDOUGOU,BANDAFASSI,0.96,0.04,0.63
524,KEDOUGOU,KEDOUGOU,KEDOUGOU,DIMBOLI,0.23,0.0,0.47
525,KEDOUGOU,KEDOUGOU,KEDOUGOU,DINDEFELO,0.15,0.01,0.22
526,KEDOUGOU,KEDOUGOU,KEDOUGOU,FONGOLIMBI,0.22,0.07,0.27
527,KEDOUGOU,KEDOUGOU,KEDOUGOU,NINEFECHA,0.13,0.01,0.53
528,KEDOUGOU,KEDOUGOU,KEDOUGOU,TOMBORONKOTO,0.43,0.04,0.26
529,KEDOUGOU,KEDOUGOU,KEDOUGOU,KEDOUGOU,0.82,0.01,0.39
530,KEDOUGOU,SALEMATA,SALEMATA,DAKATELY,0.73,0.07,0.26
531,KEDOUGOU,SALEMATA,SALEMATA,DAR SALAM,0.57,0.08,0.21
532,KEDOUGOU,SALEMATA,SALEMATA,ETHIOLO,0.64,0.01,0.05
533,KEDOUGOU,SALEMATA,SALEMATA,KEVOYE,0.28,0.05,0.26
534,KEDOUGOU,SALEMATA,SALEMATA,OUBADJI,0.11,0.03,0.66
535,KEDOUGOU,SALEMATA,SALEMATA,SALEMATA,0.77,0.09,0.7
536,KEDOUGOU,SARAYA,SARAYA,BEMBOU,0.44,0.1,0.45
537,KEDOUGOU,SARAYA,SARAYA,KHOSSANTO,0.37,0.08,0.56
538,KEDOUGOU,SARAYA,SARAYA,MEDINA BAFFE,0.07,0.0,0.38
539,KEDOUGOU,SARAYA,SARAYA,MISSIRAH SIRIMANA,0.19,0.07,0.23
540,KEDOUGOU,SARAYA,SARAYA,SABODOLA,0.29,0.02,0.0
541,KEDOUGOU,SARAYA,SARAYA,SARAYA,0.32,0.02,0.51
